user_id,book_id,book_title,rating
Sean Barrs,35031085,Frankenstein: The 1818 Text,5
Federico DN,35031085,Frankenstein: The 1818 Text,4
Emily May,35031085,Frankenstein: The 1818 Text,5
Leonard Gaya,35031085,Frankenstein: The 1818 Text,4
Bill Kerwin,35031085,Frankenstein: The 1818 Text,5
Mario the lone bookwolf,35031085,Frankenstein: The 1818 Text,4
Franco Santos,35031085,Frankenstein: The 1818 Text,5
La pecera de Raquel,35031085,Frankenstein: The 1818 Text,5
Maddie Fisher,35031085,Frankenstein: The 1818 Text,5
Charlotte May,1381,The Odyssey,5
Vit Babenco,1381,The Odyssey,5
Leonard Gaya,1381,The Odyssey,5
Kevin Ansbro,1381,The Odyssey,5
Glenn Russell,1381,The Odyssey,5
Lisa of Troy,1381,The Odyssey,3
Barry Pierce,1381,The Odyssey,4
Roy Lotz,1381,The Odyssey,5
Jennifer nyc,1381,The Odyssey,4
Elyse Walters,1381,The Odyssey,4
Riku Sayuj,1381,The Odyssey,5
Beth F,2429135,The Girl With the Dragon Tattoo,5
Miranda Reads,2429135,The Girl With the Dragon Tattoo,4
Meredith Holley,2429135,The Girl With the Dragon Tattoo,4
Nilufer Ozmekik,2429135,The Girl With the Dragon Tattoo,5
Taufiq Yves,2429135,The Girl With the Dragon Tattoo,5
Riku Sayuj,2429135,The Girl With the Dragon Tattoo,4
Kelli Marko,2429135,The Girl With the Dragon Tattoo,2
Paul Bryant,2429135,The Girl With the Dragon Tattoo,3
Julie Ruble,3636,The Giver,3
James Carroll,3636,The Giver,5
Lisa of Troy,3636,The Giver,5
Miranda Reads,3636,The Giver,4
Federico DN,3636,The Giver,4
Jeffrey Keeten,3636,The Giver,3
jessica yeung,3636,The Giver,5
Emily May,3636,The Giver,3
Taufiq Yves,3636,The Giver,3
Mohammed Arabey,3636,The Giver,5
mark monday,3636,The Giver,4
Tharindu Dissanayake,77203,The Kite Runner,5
Lisa of Troy,77203,The Kite Runner,5
Will Byrnes,77203,The Kite Runner,5
jessica yeung,77203,The Kite Runner,5
Nilufer Ozmekik,77203,The Kite Runner,5
Federico DN,77203,The Kite Runner,5
Mario the lone bookwolf,77203,The Kite Runner,5
Ahmed Ibrahim,77203,The Kite Runner,5
Henry Avila,77203,The Kite Runner,5
Jackie Gill,77203,The Kite Runner,2
Lisa of Troy,33574273,A Wrinkle in Time,3
Elyse Walters,33574273,A Wrinkle in Time,5
Federico DN,33574273,A Wrinkle in Time,3
Nilufer Ozmekik,33574273,A Wrinkle in Time,4
Bryon Cahill,33574273,A Wrinkle in Time,1
Jasmine from How Useful It Is,33574273,A Wrinkle in Time,5
Jason Koivu,33574273,A Wrinkle in Time,3
Richard Derus,33574273,A Wrinkle in Time,4
Paul Eckert,33574273,A Wrinkle in Time,1
Cindy Pham,5,Harry Potter and the Prisoner of Azkaban,4
Wil Wheaton,5,Harry Potter and the Prisoner of Azkaban,4
Hannah Azerang,5,Harry Potter and the Prisoner of Azkaban,5
Nilufer Ozmekik,5,Harry Potter and the Prisoner of Azkaban,5
Tharindu Dissanayake,5,Harry Potter and the Prisoner of Azkaban,5
Kierra Lewis,5,Harry Potter and the Prisoner of Azkaban,5
Lisa of Troy,5,Harry Potter and the Prisoner of Azkaban,3
Bryce Rocks My Socks,5,Harry Potter and the Prisoner of Azkaban,4
Luca Ambrosino,5,Harry Potter and the Prisoner of Azkaban,5
Chelsea Humphrey,5,Harry Potter and the Prisoner of Azkaban,4
Miranda Reads,5,Harry Potter and the Prisoner of Azkaban,5
Rajat Ubhaykar,44767458,Dune,5
John Wiswell,44767458,Dune,2
Lisa of Troy,44767458,Dune,5
Jack Edwards,44767458,Dune,2
Lala BooksandLala,44767458,Dune,5
Sean Barrs,44767458,Dune,5
Mario the lone bookwolf,44767458,Dune,5
Leonard Gaya,44767458,Dune,5
Michael Finocchiaro,44767458,Dune,5
Nilufer Ozmekik,44767458,Dune,5
Lisa of Troy,19543,Where the Wild Things Are,5
Tim Null,19543,Where the Wild Things Are,5
jessica yeung,19543,Where the Wild Things Are,4
Michael Finocchiaro,19543,Where the Wild Things Are,5
Jon Nakapalau,19543,Where the Wild Things Are,5
Jason Koivu,19543,Where the Wild Things Are,5
Meg Sherman,19543,Where the Wild Things Are,5
Amanda NEVER MANDY,19543,Where the Wild Things Are,5
Mark Lawrence,23772,Green Eggs and Ham,5
Kevin Bose,23772,Green Eggs and Ham,1
Jason Koivu,23772,Green Eggs and Ham,5
Lisa of Troy,12232938,The Lovely Bones,2
Emily May,12232938,The Lovely Bones,1
Claire Greene,12232938,The Lovely Bones,1
Nilufer Ozmekik,12232938,The Lovely Bones,4
Julia Ash,12232938,The Lovely Bones,5
Bill Kerwin,12232938,The Lovely Bones,2
jv poore,12232938,The Lovely Bones,4
S C Tisdale,12232938,The Lovely Bones,1
Jennifer Wardrip,12232938,The Lovely Bones,5
Jason Koivu,12232938,The Lovely Bones,3
Petra X,2956,The Adventures of Huckleberry Finn,5
Nathan Eilers,2956,The Adventures of Huckleberry Finn,5
Mario the lone bookwolf,2956,The Adventures of Huckleberry Finn,4
Lisa of Troy,2956,The Adventures of Huckleberry Finn,2
Tharindu Dissanayake,2956,The Adventures of Huckleberry Finn,5
Tim Null,2956,The Adventures of Huckleberry Finn,4
Glenn Sumi,2956,The Adventures of Huckleberry Finn,5
Ahmad Ebaid,2956,The Adventures of Huckleberry Finn,5
Maziyar Yf,2956,The Adventures of Huckleberry Finn,3
Michael Perkins,2956,The Adventures of Huckleberry Finn,5
Jay Schutt,2956,The Adventures of Huckleberry Finn,4
Miranda Reads,4214,Life of Pi,4
Federico DN,4214,Life of Pi,5
jessica yeung,4214,Life of Pi,5
Lisa of Troy,4214,Life of Pi,5
Adrian Rush,4214,Life of Pi,1
Sean Barrs,4214,Life of Pi,4
Vit Babenco,4214,Life of Pi,5
Jim Fonseca,4214,Life of Pi,3
Mohammed Arabey,4214,Life of Pi,4
Kevin Ansbro,4214,Life of Pi,4
Taufiq Yves,4214,Life of Pi,5
Richard Derus,4214,Life of Pi,2
Teresa Jusino,4214,Life of Pi,4
Kimber Silver,4214,Life of Pi,4
Paul Bryant,4214,Life of Pi,3
Sean Barrs,7604,Lolita,5
Emily May,7604,Lolita,5
Charlotte May,7604,Lolita,1
Paul Bryant,7604,Lolita,5
Lisa of Troy,7604,Lolita,5
Michael Finocchiaro,7604,Lolita,5
Vit Babenco,7604,Lolita,5
Luca Ambrosino,7604,Lolita,4
Leonard Gaya,7604,Lolita,4
Glenn Russell,7604,Lolita,5
Melissa Rudder,1953,A Tale of Two Cities,5
Mario the lone bookwolf,1953,A Tale of Two Cities,4
Bionic Jean,1953,A Tale of Two Cities,5
Sean Barrs,1953,A Tale of Two Cities,3
Lisa of Troy,1953,A Tale of Two Cities,1
Taufiq Yves,1953,A Tale of Two Cities,5
Valeriu Gherghel,1953,A Tale of Two Cities,3
Paul Weiss,1953,A Tale of Two Cities,5
Always Pouting,1953,A Tale of Two Cities,3
Sean Barrs,4981,Slaughterhouse-Five,5
Vit Babenco,4981,Slaughterhouse-Five,5
Leonard Gaya,4981,Slaughterhouse-Five,4
jessica yeung,4981,Slaughterhouse-Five,3
Henry Avila,4981,Slaughterhouse-Five,4
Lala BooksandLala,4981,Slaughterhouse-Five,4
Taufiq Yves,4981,Slaughterhouse-Five,5
Petra X,6514,The Bell Jar,3
Tracy Elizabeth,6514,The Bell Jar,1
Lisa of Troy,6514,The Bell Jar,5
Melissa KT,6514,The Bell Jar,2
Sophia Judice,6514,The Bell Jar,4
Miranda Reads,39988,Matilda,4
Sean Barrs,39988,Matilda,4
Grace Tjan,39988,Matilda,5
Carolyn Marie,39988,Matilda,4
Luffy Sempai,39988,Matilda,5
Elyse Walters,39988,Matilda,5
Julie G,39988,Matilda,4
Whitney Atkinson,39988,Matilda,4
Jason Koivu,39988,Matilda,4
Britney Meyers,39988,Matilda,4
Peter Topside,39988,Matilda,5
Samra Yusuf,39988,Matilda,4
Will Byrnes,43641,Water for Elephants,4
RJ McGill,43641,Water for Elephants,5
Beth F,43641,Water for Elephants,4
Taufiq Yves,43641,Water for Elephants,4
Tina Loves To Read,43641,Water for Elephants,4
Kat Kennedy,43641,Water for Elephants,5
Paul Weiss,43641,Water for Elephants,5
Kristina Horner,43641,Water for Elephants,5
Izetta Autumn,43641,Water for Elephants,4
Mark Lawrence,42844155,Harry Potter and the Philosopher's Stone,3
Miranda Reads,42844155,Harry Potter and the Philosopher's Stone,5
Lisa of Troy,42844155,Harry Potter and the Philosopher's Stone,5
Sasha Alsberg,42844155,Harry Potter and the Philosopher's Stone,5
Victoria Schwab,42844155,Harry Potter and the Philosopher's Stone,5
Cindy Pham,42844155,Harry Potter and the Philosopher's Stone,3
Chelsea Humphrey,42844155,Harry Potter and the Philosopher's Stone,5
Harold Bloom,42844155,Harry Potter and the Philosopher's Stone,1
Mohammed Arabey,42844155,Harry Potter and the Philosopher's Stone,5
Wil Wheaton,42844155,Harry Potter and the Philosopher's Stone,5
Luca Ambrosino,42844155,Harry Potter and the Philosopher's Stone,5
jessica yeung,42844155,Harry Potter and the Philosopher's Stone,5
Justin Tate,149267,The Stand,5
Mark Lawrence,149267,The Stand,5
Nilufer Ozmekik,149267,The Stand,5
Chelsea Humphrey,149267,The Stand,4
jessica yeung,149267,The Stand,3
Mario the lone bookwolf,149267,The Stand,5
Jeffrey Keeten,149267,The Stand,4
Mohammed Arabey,149267,The Stand,5
Alex is The Romance Fox,149267,The Stand,5
Court Zierk,149267,The Stand,5
Jeffrey Keeten,168668,Catch-22,5
Michael Finocchiaro,168668,Catch-22,4
Lisa of Troy,168668,Catch-22,1
Barry Pierce,168668,Catch-22,5
Vit Babenco,168668,Catch-22,5
Tom Quinn,168668,Catch-22,5
Leonard Gaya,168668,Catch-22,4
Henry Avila,168668,Catch-22,5
Jon Nakapalau,168668,Catch-22,5
Nandakishore Mridula,168668,Catch-22,5
David Putnam,168668,Catch-22,3
Steven Godin,168668,Catch-22,5
Lisa of Troy,3590,The Adventures of Sherlock Holmes,5
Federico DN,3590,The Adventures of Sherlock Holmes,3
Robin Hobb,3590,The Adventures of Sherlock Holmes,5
El Librero de Valentina,3590,The Adventures of Sherlock Holmes,4
Bionic Jean,3590,The Adventures of Sherlock Holmes,4
Katie Lumsden,3590,The Adventures of Sherlock Holmes,4
Steven Medina,3590,The Adventures of Sherlock Holmes,4
Paul Bryant,3590,The Adventures of Sherlock Holmes,5
Simona B,3590,The Adventures of Sherlock Holmes,4
Cindy Rollins,3590,The Adventures of Sherlock Holmes,5
Mario the lone bookwolf,41817486,A Clockwork Orange,4
Paul Bryant,41817486,A Clockwork Orange,5
Vit Babenco,41817486,A Clockwork Orange,5
Henry Avila,41817486,A Clockwork Orange,4
Lisa of Troy,41817486,A Clockwork Orange,3
Sean Barrs,41817486,A Clockwork Orange,3
Michael Finocchiaro,41817486,A Clockwork Orange,5
Jonathan Ashleigh,41817486,A Clockwork Orange,5
Mark Lawrence,41817486,A Clockwork Orange,5
Jon Nakapalau,41817486,A Clockwork Orange,5
MJ Nicholls,41817486,A Clockwork Orange,5
Steven Godin,41817486,A Clockwork Orange,5
Emily May,5043,The Pillars of the Earth,4
Jeffrey Keeten,5043,The Pillars of the Earth,4
Sean Barrs,5043,The Pillars of the Earth,5
Chelsea Humphrey,5043,The Pillars of the Earth,5
Steven Medina,5043,The Pillars of the Earth,5
Valeriu Gherghel,5043,The Pillars of the Earth,2
David Putnam,5043,The Pillars of the Earth,5
Paul Weiss,5043,The Pillars of the Earth,5
Luffy Sempai,5043,The Pillars of the Earth,4
Jason Koivu,5043,The Pillars of the Earth,4
Jeffrey Keeten,17899948,Rebecca,5
Nilufer Ozmekik,17899948,Rebecca,5
Lisa of Troy,17899948,Rebecca,5
Bill Kerwin,17899948,Rebecca,5
Emily May,17899948,Rebecca,5
Elyse Walters,17899948,Rebecca,5
Bionic Jean,17899948,Rebecca,5
Kimber Silver,17899948,Rebecca,5
Vit Babenco,17899948,Rebecca,5
Sean Barrs,76620,Watership Down,5
Mark Lawrence,76620,Watership Down,5
Rico Suave,76620,Watership Down,5
Lisa of Troy,76620,Watership Down,3
Bionic Jean,76620,Watership Down,5
Maggie Stiefvater,76620,Watership Down,5
Jeffrey Keeten,76620,Watership Down,4
Mario the lone bookwolf,76620,Watership Down,4
Justin Tate,76620,Watership Down,2
Jason Koivu,76620,Watership Down,5
Kimber Silver,76620,Watership Down,5
Educating Drew,52892857,The Color Purple,5
Michael Finocchiaro,52892857,The Color Purple,5
Lisa of Troy,52892857,The Color Purple,5
Magrat Ajostiernos,52892857,The Color Purple,5
Kai Spellmeier,52892857,The Color Purple,5
Repellent Boy,52892857,The Color Purple,5
Em Lost In Books,52892857,The Color Purple,4
Maria Espadinha,52892857,The Color Purple,5
Emily May,2623,Great Expectations,5
Michael Kneeland,2623,Great Expectations,5
Jeffrey Keeten,2623,Great Expectations,5
Sean Barrs,2623,Great Expectations,5
Mario the lone bookwolf,2623,Great Expectations,3
Kimber Silver,2623,Great Expectations,5
Kai Spellmeier,2623,Great Expectations,2
Bionic Jean,2623,Great Expectations,5
Henry Avila,2623,Great Expectations,4
Glenn Sumi,2623,Great Expectations,5
Colin Baldwin,2623,Great Expectations,4
Always Pouting,2623,Great Expectations,3
Deborah Markus,10964,Outlander,1
Emily May,10964,Outlander,4
Kai Spellmeier,10964,Outlander,1
Sasha Alsberg,10964,Outlander,5
Sasha Alsberg,10964,Outlander,5
Kat Kennedy,10964,Outlander,4
Aestas Book Blog,10964,Outlander,5
Chelsea Humphrey,10964,Outlander,4
jessica yeung,10964,Outlander,5
Danielle The Book Huntress,10964,Outlander,5
Amanda Turner,9293020,The Elephant Tree,5
Kathy Tweedle,9293020,The Elephant Tree,5
Martin Sharp,9293020,The Elephant Tree,5
Julie Barrett,9293020,The Elephant Tree,5
Sophie Goodeve,9293020,The Elephant Tree,4
George King,9293020,The Elephant Tree,5
Debbie Marsh,9293020,The Elephant Tree,5
Thor and Sanz,9293020,The Elephant Tree,5
Cat on the Mat,9293020,The Elephant Tree,5
Rosemarie Dibden,9293020,The Elephant Tree,5
James Robbins,9293020,The Elephant Tree,2
Jeffrey Keeten,15823480,Anna Karenina,5
Emily May,15823480,Anna Karenina,5
jessica yeung,15823480,Anna Karenina,5
Petra X,15823480,Anna Karenina,5
Carolyn Marie,15823480,Anna Karenina,5
Shawn McComb,15823480,Anna Karenina,4
Kevin Ansbro,15823480,Anna Karenina,5
Lisa of Troy,15823480,Anna Karenina,4
Taufiq Yves,15823480,Anna Karenina,5
Dave Schaafsma,15823480,Anna Karenina,5
Kimber Silver,15823480,Anna Karenina,5
Georgia Scott,15823480,Anna Karenina,5
Roy Lotz,15823480,Anna Karenina,5
Sean Barrs,61215351,The Fellowship of the Ring,5
Federico DN,61215351,The Fellowship of the Ring,4
Mario the lone bookwolf,61215351,The Fellowship of the Ring,5
Carolyn Marie,61215351,The Fellowship of the Ring,5
Jack Edwards,61215351,The Fellowship of the Ring,2
Tharindu Dissanayake,61215351,The Fellowship of the Ring,5
Will Byrnes,61215351,The Fellowship of the Ring,5
Jaime Fok,61215351,The Fellowship of the Ring,5
Michael Finocchiaro,61215351,The Fellowship of the Ring,5
Andy Marr,61215351,The Fellowship of the Ring,3
Jason Koivu,61215351,The Fellowship of the Ring,5
Jeffrey Keeten,4934,The Brothers Karamazov,5
Vit Babenco,4934,The Brothers Karamazov,5
Kevin Ansbro,4934,The Brothers Karamazov,5
Paul Bryant,4934,The Brothers Karamazov,5
Violet wells,4934,The Brothers Karamazov,5
Valeriu Gherghel,4934,The Brothers Karamazov,5
Ilenia Zodiaco,4934,The Brothers Karamazov,5
Michael Finocchiaro,4934,The Brothers Karamazov,5
Riku Sayuj,4934,The Brothers Karamazov,5
Steven Medina,4934,The Brothers Karamazov,4
Samra Yusuf,4934,The Brothers Karamazov,5
Tom Quinn,4934,The Brothers Karamazov,3
jessica yeung,10917,My Sister's Keeper,2
Nola Tillman,10917,My Sister's Keeper,4
Nilufer Ozmekik,10917,My Sister's Keeper,5
Sharon Orlopp,10917,My Sister's Keeper,4
Wendy Darling,10917,My Sister's Keeper,1
Elyse Walters,10917,My Sister's Keeper,5
Taufiq Yves,10917,My Sister's Keeper,4
Paul Weiss,10917,My Sister's Keeper,5
Phyllis Eisenstadt,10917,My Sister's Keeper,5
Daniel Middlewood,29908754,The Zombie Room,5
George King,29908754,The Zombie Room,5
Christina Wood,29908754,The Zombie Room,5
Julie Barrett,29908754,The Zombie Room,4
Mark G,29908754,The Zombie Room,5
Dan Eccleston,29908754,The Zombie Room,3
Martin Sharp,29908754,The Zombie Room,5
Amanda Turner,29908754,The Zombie Room,5
David Berkowitz,29908754,The Zombie Room,4
Kev Laws,29908754,The Zombie Room,5
Deandra Rask,29908754,The Zombie Room,5
Ebooks Rock,29908754,The Zombie Room,5
Kindle Crazy,29908754,The Zombie Room,5
Ellie Douglas,29908754,The Zombie Room,5
Roxie Voorhees,29908754,The Zombie Room,1
Tara Beckwith,29908754,The Zombie Room,1
Kelsey Rivers,29908754,The Zombie Room,1
Imaan Iddir,29908754,The Zombie Room,1
Miranda Reads,2654,To Kill a Mockingbird,5
Lisa of Troy,2654,To Kill a Mockingbird,5
Eddy Allen,2654,To Kill a Mockingbird,1
Petra X,2654,To Kill a Mockingbird,5
Taufiq Yves,2654,To Kill a Mockingbird,5
Henry Avila,2654,To Kill a Mockingbird,5
Sean Barrs,2654,To Kill a Mockingbird,5
Mario the lone bookwolf,2654,To Kill a Mockingbird,5
Tim Null,2654,To Kill a Mockingbird,5
Luca Ambrosino,2654,To Kill a Mockingbird,5
Colin Baldwin,2654,To Kill a Mockingbird,5
Peter Derk,14891,A Tree Grows in Brooklyn,1
Rinda Elwakil,14891,A Tree Grows in Brooklyn,5
Julie G,14891,A Tree Grows in Brooklyn,5
Lisa of Troy,14891,A Tree Grows in Brooklyn,2
Blake Crouch,14891,A Tree Grows in Brooklyn,5
Sherif Metwaly,14891,A Tree Grows in Brooklyn,5
Glenn Russell,6288,The Road,5
Sean Barrs,6288,The Road,4
Leonard Gaya,6288,The Road,4
Will Byrnes,6288,The Road,5
Henry Avila,6288,The Road,4
Dave Schaafsma,6288,The Road,5
Emily May,19288043,Gone Girl,3
Paul Bryant,19288043,Gone Girl,1
Miranda Reads,19288043,Gone Girl,4
Stephanie Sun,19288043,Gone Girl,2
Nicholas Sparks,19288043,Gone Girl,5
reading is my hustle,19288043,Gone Girl,2
Whitney Atkinson,19288043,Gone Girl,4
Richard Derus,19288043,Gone Girl,1
Gary the Bookworm,19288043,Gone Girl,4
Emma Giordano,19288043,Gone Girl,5
Federico DN,19288043,Gone Girl,4
Sasha Alsberg,58613424,Harry Potter and the Goblet of Fire,5
Hannah Azerang,58613424,Harry Potter and the Goblet of Fire,5
Nilufer Ozmekik,58613424,Harry Potter and the Goblet of Fire,5
Chelsea Humphrey,58613424,Harry Potter and the Goblet of Fire,5
Tharindu Dissanayake,58613424,Harry Potter and the Goblet of Fire,5
Miranda Reads,58613424,Harry Potter and the Goblet of Fire,5
Lisa of Troy,58613424,Harry Potter and the Goblet of Fire,3
Luca Ambrosino,58613424,Harry Potter and the Goblet of Fire,5
Sean Barrs,58613424,Harry Potter and the Goblet of Fire,5
Natilie Bell,58613424,Harry Potter and the Goblet of Fire,3
Sean Barrs,119322,The Golden Compass,5
Sean Gibson,119322,The Golden Compass,3
Leonard Gaya,119322,The Golden Compass,4
jessica yeung,119322,The Golden Compass,4
Dave Schaafsma,119322,The Golden Compass,5
Shawna Finnigan,119322,The Golden Compass,4
mark monday,119322,The Golden Compass,5
Tony Z,119322,The Golden Compass,5
Wendy Darling,119322,The Golden Compass,5
Charlotte May,119322,The Golden Compass,2
A Mac,119322,The Golden Compass,4
Sean Barrs,52036,Siddhartha,5
Vit Babenco,52036,Siddhartha,5
Nandakishore Mridula,52036,Siddhartha,4
Carolyn Marie,52036,Siddhartha,4
Henry Avila,52036,Siddhartha,4
Aitor Castrillo,52036,Siddhartha,5
Franco Santos,52036,Siddhartha,4
Jonathan Ashleigh,52036,Siddhartha,3
jessica yeung,16299,And Then There Were None,3
Emily May,16299,And Then There Were None,5
Nilufer Ozmekik,16299,And Then There Were None,5
Mohammed Arabey,16299,And Then There Were None,5
Maggie Stiefvater,16299,And Then There Were None,5
Charlotte May,16299,And Then There Were None,4
Lisa of Troy,16299,And Then There Were None,4
El Librero de Valentina,16299,And Then There Were None,5
Taufiq Yves,16299,And Then There Were None,5
Kai Spellmeier,16299,And Then There Were None,4
Dear Faye,345627,Vampire Academy,3
Kat Kennedy,345627,Vampire Academy,3
Libro Joven,345627,Vampire Academy,5
Emily May,345627,Vampire Academy,4
Chelsea Humphrey,345627,Vampire Academy,4
Josu Diamond,345627,Vampire Academy,3
Emma Giordano,345627,Vampire Academy,5
mark monday,345627,Vampire Academy,3
Emily May,3836,Don Quixote,4
Vit Babenco,3836,Don Quixote,5
Leonard Gaya,3836,Don Quixote,5
Nilufer Ozmekik,3836,Don Quixote,5
MJ Nicholls,3836,Don Quixote,5
Riku Sayuj,3836,Don Quixote,5
Michael Finocchiaro,3836,Don Quixote,5
Carolyn Marie,3836,Don Quixote,5
Always Pouting,3836,Don Quixote,3
Oguz Akturk,3836,Don Quixote,5
Eric Althoff,252577,Angela's Ashes,4
Mitch Albom,252577,Angela's Ashes,5
Julie G,252577,Angela's Ashes,5
George Bradford,252577,Angela's Ashes,4
Michael Finocchiaro,252577,Angela's Ashes,5
Adam Floridia,252577,Angela's Ashes,4
Jonathan Ashleigh,252577,Angela's Ashes,4
Angela Paquin,252577,Angela's Ashes,1
Lisa of Troy,2165,The Old Man and the Sea,5
Will Byrnes,2165,The Old Man and the Sea,5
Vit Babenco,2165,The Old Man and the Sea,3
Andy Marr,2165,The Old Man and the Sea,2
Rowan MacDonald,2165,The Old Man and the Sea,4
Riku Sayuj,2165,The Old Man and the Sea,5
David Putnam,2165,The Old Man and the Sea,5
Valeriu Gherghel,2165,The Old Man and the Sea,3
Dave Schaafsma,2165,The Old Man and the Sea,5
